{
  "frontier": {
    "n_models": 2,
    "avg_direct_accuracy": 0.9797979797979799,
    "avg_use_accuracy": 0.898989898989899,
    "avg_cif_rate": 0.09821428571428571,
    "avg_followed_wrong": 1.0,
    "std_cif_rate": 0.026785714285714288
  },
  "mid": {
    "n_models": 2,
    "avg_direct_accuracy": 0.9393939393939394,
    "avg_use_accuracy": 0.6868686868686869,
    "avg_cif_rate": 0.3103528050896472,
    "avg_followed_wrong": 0.8497474747474747,
    "std_cif_rate": 0.06859456333140544
  },
  "base": {
    "n_models": 1,
    "avg_direct_accuracy": 0.7575757575757576,
    "avg_use_accuracy": 0.6868686868686869,
    "avg_cif_rate": 0.29333333333333333,
    "avg_followed_wrong": 0.8181818181818182,
    "std_cif_rate": 0
  }
}